Filename,Sentiment,Polarity,Tag
12_28_20_Chowchilla_148.txt,NEGATIVE,0.9796597361564636,Negative Outlier
12_30_20_Ironwood_156.txt,NEGATIVE,0.979389488697052,Negative Outlier
Alameda_SantaRita_20211208_79927_FULL.txt,NEGATIVE,0.8047681450843811,Negative Outlier
Alameda_SantaRita_20211208_79927_Programs_Infection.txt,NEGATIVE,0.928978681564331,Negative Outlier
Alameda_SantaRita_20220225_43871_Infection_PrisonConditions.txt,NEGATIVE,0.9893691539764404,Negative Outlier
Amador_Main_20210914_87709_Stress_Featured.txt,NEGATIVE,0.991731345653534,Negative Outlier
Avenal_20201105_07_12_Programs.txt,NEGATIVE,0.7590975761413574,Negative Outlier
Avenal_20201110_7_51_Infection.txt,NEGATIVE,0.9887259602546692,Negative Outlier
Avenal_20210916_71906_P3_FULL.txt,NEGATIVE,0.9503569602966307,Negative Outlier
Butte_Main_20220105_13697_Stress3_PrisonConditions.txt,NEGATIVE,0.7002227306365967,Negative Outlier
Butte_Main_20220105_13697_Stress4_Infection2.txt,NEGATIVE,0.9362478852272034,Negative Outlier
CaliforniaCity_20210428_855_FULL.txt,NEGATIVE,0.9868438839912416,Negative Outlier
CaliforniaCity_20210428_855_ProgramsPrisonConditionsFamily.txt,NEGATIVE,0.9811122417449952,Negative Outlier
CaliforniaCity_20210505_1771_FULL.txt,NEGATIVE,0.9586024284362792,Negative Outlier
CaliforniaCity_20210528_1542_FULL_Family_Stress.txt,NEGATIVE,0.724016547203064,Negative Outlier
CaliforniaCity_20210609_844_Programs.txt,NEGATIVE,0.9865477681159972,Negative Outlier
CaliforniaCity_20210617_624_PrisonConditions2_Infection.txt,NEGATIVE,0.8286789655685425,Negative Outlier
Calipatria_20210125_313_FULL.txt,NEGATIVE,0.992797553539276,Negative Outlier
Calipatria_20210127_335_FULL.txt,NEGATIVE,0.9081568121910096,Negative Outlier
Calipatria_20210127_335_PrisonConditions_Stress_Feature.txt,NEGATIVE,0.95681494474411,Negative Outlier
Calipatria_20210203_383_PrisonConditions_Family.txt,NEGATIVE,0.9931432008743286,Negative Outlier
Calipatria_20210203_384_FULL_Stress.txt,NEGATIVE,0.8463214635848999,Negative Outlier
Calipatria_20210205_389a_full.txt,NEGATIVE,0.9703547358512878,Negative Outlier
Calipatria_20210208_350_Full_Infection_Family.txt,NEGATIVE,0.9901933073997498,Negative Outlier
Calipatria_20210210_360_FULL.txt,NEGATIVE,0.9922255277633668,Negative Outlier
Calipatria_20210212_437_FULL.txt,NEGATIVE,0.6974195837974548,Negative Outlier
Calipatria_20210217_07_39_Infection.txt,NEGATIVE,0.9904516935348512,Negative Outlier
Calipatria_20210217_07_39_PrisonConditions2.txt,NEGATIVE,0.8407029509544373,Negative Outlier
Calipatria_20210304_533_FULL.txt,NEGATIVE,0.9765388369560242,Negative Outlier
Calipatria_20210312_658_Full.txt,NEGATIVE,0.8683626651763916,Negative Outlier
Calipatria_20210316_552_FULL.txt,NEGATIVE,0.969762086868286,Negative Outlier
Calipatria_20210316_553_FULL_Infection_Programs_PrisonConditions.txt,NEGATIVE,0.9705070853233336,Negative Outlier
Calipatria_20210629_1477_Family.txt,NEGATIVE,0.9427617192268372,Negative Outlier
Centinela_20210121_05_38_Family.txt,NEGATIVE,0.6586533784866333,Negative Outlier
Centinela_20210223_452_Full.txt,NEGATIVE,0.978093922138214,Negative Outlier
Centinela_20210331_615_Infection_Stress.txt,NEGATIVE,0.8657127618789673,Negative Outlier
Centinela_20210412_57555_PrisonConditions.txt,NEGATIVE,0.9920280575752258,Negative Outlier
Centinela_20210412_57555_Stress.txt,NEGATIVE,0.9318695068359376,Negative Outlier
Chino_20201201_104_Prison_Conditions1.txt,NEGATIVE,0.9705289602279664,Negative Outlier
Chino_20201205_92_Family.txt,NEGATIVE,0.9855489134788512,Negative Outlier
Chino_20201211_0615_Infection.txt,NEGATIVE,0.7505293488502502,Negative Outlier
Chino_20201223_207_programs.txt,NEGATIVE,0.9925825595855712,Negative Outlier
Chino_20201231_186_FULL.txt,NEGATIVE,0.6082717180252075,Negative Outlier
Chino_20211209_113_Full_ programs_PrisonConditions.txt,NEGATIVE,0.960721492767334,Negative Outlier
Chino_20220204_15904_FULL.txt,NEGATIVE,0.932302176952362,Negative Outlier
Chino_20220204_15904_Infection.txt,NEGATIVE,0.8953118324279785,Negative Outlier
Chino_20220204_43800_Infection_Family_Featured.txt,NEGATIVE,0.9719247817993164,Negative Outlier
Chino_20220204_45125_FULL.txt,NEGATIVE,0.6045004725456238,Negative Outlier
Chino_20220204_45125_Infection1_PrisonConditions1.txt,NEGATIVE,0.8725009560585022,Negative Outlier
Chino_20220204_68596_Infection1.txt,NEGATIVE,0.9657455682754515,Negative Outlier
Chowchilla_ 20210201_373_FULL.txt,NEGATIVE,0.939501941204071,Negative Outlier
Chowchilla_122120_193_FuLL.txt,NEGATIVE,0.9665499925613404,Negative Outlier
Chowchilla_122120_193_Stress.txt,NEGATIVE,0.6744391918182373,Negative Outlier
Chowchilla_20201124_062_Stress.txt,NEGATIVE,0.8575413823127747,Negative Outlier
Chowchilla_20201208_117_full.txt,NEGATIVE,0.9901586174964904,Negative Outlier
Chowchilla_20201208_117_Infection.txt,NEGATIVE,0.8812142610549927,Negative Outlier
Chowchilla_20201209_118_PrisonConditions.txt,NEGATIVE,0.962596833705902,Negative Outlier
Chowchilla_20201221_147_Family.txt,NEGATIVE,0.8229738473892212,Negative Outlier
Chowchilla_20201221_147_PrisonConditions.txt,NEGATIVE,0.9731138348579408,Negative Outlier
Chowchilla_20201221_193_FULL.txt,NEGATIVE,0.983075737953186,Negative Outlier
Chowchilla_20201221_193_FULL_PrisonConditions_Stress.txt,NEGATIVE,0.983075737953186,Negative Outlier
Chowchilla_20201221_193_Stress.txt,NEGATIVE,0.9469284415245056,Negative Outlier
Chowchilla_20201222_189_FULL_Stress.txt,NEGATIVE,0.8739598393440247,Negative Outlier
Chowchilla_20201228_177_Full.txt,NEGATIVE,0.956393539905548,Negative Outlier
Chowchilla_20201228_177_PrisonConditions.txt,NEGATIVE,0.982994794845581,Negative Outlier
Chowchilla_20210913_92441_Stress2_PrisonConditions2_Programs.txt,NEGATIVE,0.9147191047668456,Negative Outlier
Chowchilla_20210913_92441_Stress3_PrisonConditions3_Programs2.txt,NEGATIVE,0.9796100854873656,Negative Outlier
Chuckawalla_20201105_0728_PrisonConditions3.txt,NEGATIVE,0.9529370069503784,Negative Outlier
Chuckawalla_20201106_05_42_Stress.txt,NEGATIVE,0.981780469417572,Negative Outlier
Chuckawalla_20201109_05_04_Programs.txt,NEGATIVE,0.9903284907341005,Negative Outlier
Chuckawalla_20201120_06_34_PrisonConditions2.txt,NEGATIVE,0.9473024010658264,Negative Outlier
Chuckawalla_20201208_06_50_PrisonConditions.txt,NEGATIVE,0.990453004837036,Negative Outlier
CIW_202012013_081_Family.txt,NEGATIVE,0.9070141315460204,Negative Outlier
CIW_20201202_88_familyandstress.txt,NEGATIVE,0.961617112159729,Negative Outlier
CIW_20201209_114_FULL.txt,NEGATIVE,0.9849677681922911,Negative Outlier
CIW_20201215_131_Stress.txt,NEGATIVE,0.8763012886047363,Negative Outlier
CMC_20210121_316_FULL.txt,NEGATIVE,0.9878800511360168,Negative Outlier
CMC_20210126_336_FULL.txt,NEGATIVE,0.9890222549438475,Negative Outlier
CMC_20210129_307_FULL.txt,NEGATIVE,0.9947676658630372,Negative Outlier
CMC_20210210_357_FULL.txt,NEGATIVE,0.9269217252731324,Negative Outlier
CMC_20210210_359_FULL.txt,NEGATIVE,0.9911214113235474,Negative Outlier
CMC_20210211_447_FULL_Family_Infection.txt,NEGATIVE,0.9271968603134156,Negative Outlier
CMC_20210212_0551_PrisonConditions.txt,NEGATIVE,0.9878559708595276,Negative Outlier
CMC_20210216_425_FULL_Stress.txt,NEGATIVE,0.6875995397567749,Negative Outlier
CMC_20210221_488_FULL_Family_Infection_PrisonConditions.txt,NEGATIVE,0.8469498753547668,Negative Outlier
CMC_20210222_454_FULL_Infection.txt,NEGATIVE,0.7180834412574768,Negative Outlier
CMC_20210223_499_FULL.txt,NEGATIVE,0.9820944666862488,Negative Outlier
CMC_20210223_499_InfectionStress.txt,NEGATIVE,0.5151032209396362,Negative Outlier
CMC_20210225_472_FULL_Programs_Stress.txt,NEGATIVE,0.8678407669067383,Negative Outlier
CMC_20210225_473_FULL.txt,NEGATIVE,0.9137873649597168,Negative Outlier
CMC_20210316_550_FULL.txt,NEGATIVE,0.9499941468238832,Negative Outlier
CMC_20210322_626_FULL.txt,NEGATIVE,0.9440707564353944,Negative Outlier
Colusa_Main_20220223_92810_FULL.txt,NEGATIVE,0.9872704744338988,Negative Outlier
Colusa_Main_20220223_92810_PrisonConditions_Infection.txt,NEGATIVE,0.9946267008781432,Negative Outlier
Colusa_Main_20220228_64095_Family2_Stress.txt,NEGATIVE,0.9848676323890686,Negative Outlier
Colusa_Main_20220228_64095_FULL.txt,NEGATIVE,0.9941987991333008,Negative Outlier
Colusa_Main_20220228_64095_Stress2.txt,NEGATIVE,0.9843197464942932,Negative Outlier
Colusa_Main_20220228_64095_Stress3.txt,NEGATIVE,0.6972523331642151,Negative Outlier
Corcoran_20201103_07_39_Family.txt,NEGATIVE,0.967553436756134,Negative Outlier
Corcoran_20211209_83877_Family.txt,NEGATIVE,0.9926815629005432,Negative Outlier
CSATF_20201123_66_FULL.txt,NEGATIVE,0.9715136885643004,Negative Outlier
CSATF_20201214_141_Stress.txt,NEGATIVE,0.834976077079773,Negative Outlier
CSATF_20201216_256_FULL.txt,NEGATIVE,0.6744189858436584,Negative Outlier
CSATF_20201231_167_FULL.txt,NEGATIVE,0.6221564412117004,Negative Outlier
CSATF_20210106_251_FULL_PrisonConditions_Infection.txt,NEGATIVE,0.992573618888855,Negative Outlier
CSATF_20210107_229_Full_Infection_Family_PrisonConditions.txt,NEGATIVE,0.9888184666633606,Negative Outlier
CSATF_20210108_235_FamilyPrograms.txt,NEGATIVE,0.5834745168685913,Negative Outlier
CSATF_20210108_235_FULL.txt,NEGATIVE,0.8064563870429993,Negative Outlier
CSATF_20210108_236_Stress_Family.txt,NEGATIVE,0.943367838859558,Negative Outlier
CSATF_20210108_242_Full_Programs.txt,NEGATIVE,0.987722396850586,Negative Outlier
CSATF_20210111_261_FULL_Stress_Programs.txt,NEGATIVE,0.896828830242157,Negative Outlier
CSATF_20210111_279_FULL.txt,NEGATIVE,0.9888457655906676,Negative Outlier
CSATF_20210113_227_FULL.txt,NEGATIVE,0.938718557357788,Negative Outlier
CSATF_20210128_310_Programs1.txt,NEGATIVE,0.9328048825263976,Negative Outlier
CSATF_20210129_299_FULL.txt,NEGATIVE,0.9938088059425354,Negative Outlier
CSATF_20210201_372_FULL.txt,NEGATIVE,0.9861552119255066,Negative Outlier
CSATF_20210209_625_PrisonConditions-1.txt,NEGATIVE,0.7247247695922852,Negative Outlier
CSATF_20210217_408_FULL.txt,NEGATIVE,0.9170240759849548,Negative Outlier
CSATF_20210217_408_Programs.txt,NEGATIVE,0.7310729026794434,Negative Outlier
CSATF_20210401_606_Full.docx,NEGATIVE,0.9875785708427428,Negative Outlier
CSATF_20210401_606_Full_PrisonConditions.txt,NEGATIVE,0.9869717955589294,Negative Outlier
Delano_20210216_432_Stress_Family.txt,NEGATIVE,0.9754132032394408,Negative Outlier
Delano_20210217_400_Full_PrisonConditions.txt,NEGATIVE,0.9922312498092652,Negative Outlier
Delano_20210224_475_FULL.txt,NEGATIVE,0.9813986420631408,Negative Outlier
Delano_20210301_518_FULL.txt,NEGATIVE,0.9402047395706176,Negative Outlier
Delano_20210420_725_FULL_Family_PrisonConditions.txt,NEGATIVE,0.9445815682411194,Negative Outlier
Delano_20210420_726_FULL.txt,NEGATIVE,0.6883614659309387,Negative Outlier
Delano_20210420_726_Infection_Stress.txt,NEGATIVE,0.8290520906448364,Negative Outlier
Donovan_20201130_06_49_Stress.txt,NEGATIVE,0.9274671077728271,Negative Outlier
Donovan_20201201_05_00_Family.txt,NEGATIVE,0.9330164194107056,Negative Outlier
Donovan_20201201_05_00_PrisonConditions2.txt,NEGATIVE,0.9939388036727904,Negative Outlier
Donovan_20201202_05_31_Programs2.txt,NEGATIVE,0.9908148646354676,Negative Outlier
Donovan_20201203_05_36_FULL.txt,NEGATIVE,0.962051808834076,Negative Outlier
Donovan_20201203_05_36_PrisonConditions.txt,NEGATIVE,0.993523120880127,Negative Outlier
Donovan_20201203_05_36_Program.txt,NEGATIVE,0.9875975251197816,Negative Outlier
Donovan_20201209_07_40_Programs_Stress.txt,NEGATIVE,0.9942785501480104,Negative Outlier
Donovan_20201209_8_39_Full.txt,NEGATIVE,0.955884575843811,Negative Outlier
Donovan_20210111_01_05_Infection.txt,NEGATIVE,0.9788123965263368,Negative Outlier
Donovan_20210419_699_FULL_PrisonConditionsFamilyStress.txt,NEGATIVE,0.9774014949798584,Negative Outlier
Donovan_20210419_824_FULL.txt,NEGATIVE,0.9289219975471495,Negative Outlier
Donovan_20210419_824_Programs.txt,NEGATIVE,0.9289219975471495,Negative Outlier
Donovan_20210421_907_FULL_Family_PrisonConditions.txt,NEGATIVE,0.6438735127449036,Negative Outlier
Donovan_20210422_1032_PrisonConditions.txt,NEGATIVE,0.9927950501441956,Negative Outlier
Donovan_20210422_803_PrisonConditions_Stress.txt,NEGATIVE,0.737419843673706,Negative Outlier
Donovan_20210422_804_FULL.txt,NEGATIVE,0.912139058113098,Negative Outlier
Donovan_20210422_804_PrisonConditions_Infection.txt,NEGATIVE,0.98073548078537,Negative Outlier
Donovan_20210422_910_FULL_PrisonConditionsInfection.txt,NEGATIVE,0.9713786244392396,Negative Outlier
Donovan_20210426_818_Family.txt,NEGATIVE,0.9905534386634828,Negative Outlier
Donovan_20210427_765_FULL.txt,NEGATIVE,0.9817898869514464,Negative Outlier
Donovan_20210427_826_FamilyInfection.txt,NEGATIVE,0.8558331727981567,Negative Outlier
Donovan_20210427_826_FULL.txt,NEGATIVE,0.9583123326301576,Negative Outlier
Donovan_20210428_760_FULL_Stress_PrisonConditions.txt,NEGATIVE,0.9578446745872498,Negative Outlier
Donovan_20210428_761_Family_PrisonConditions_Infection.txt,NEGATIVE,0.6942770481109619,Negative Outlier
Donovan_20210428_761_FULL.txt,NEGATIVE,0.5942535400390625,Negative Outlier
Donovan_20210428_761_Stress.txt,NEGATIVE,0.9819467663764954,Negative Outlier
Donovan_20210428_762_FULL_PrisonConditionsStress.txt,NEGATIVE,0.8167976140975952,Negative Outlier
Donovan_20210503_1101_FULL.txt,NEGATIVE,0.6583278179168701,Negative Outlier
Donovan_20210503_1173_FULL.txt,NEGATIVE,0.9939623475074768,Negative Outlier
Donovan_20210505_1140_FULL.txt,NEGATIVE,0.9737635850906372,Negative Outlier
Donovan_20210516_1285_FULL.txt,NEGATIVE,0.970397174358368,Negative Outlier
Donovan_20210516_1285_PrisonConditions.txt,NEGATIVE,0.979650378227234,Negative Outlier
Donovan_20210516_1285_PrisonConditions2.txt,NEGATIVE,0.9071024656295776,Negative Outlier
Donovan_20210516_1285_Stress_Programs.txt,NEGATIVE,0.9938058853149414,Negative Outlier
Donovan_20210528_1534_FULL.txt,NEGATIVE,0.9828943610191344,Negative Outlier
FireCamps_20210816_715_P1_FULL.txt,NEGATIVE,0.8883663415908813,Negative Outlier
FireCamps_20210816_715_P3_FULL.txt,NEGATIVE,0.5220966339111328,Negative Outlier
FireCamps_20210816_715_P3_PrisonConditions_Infection.txt,NEGATIVE,0.8592974543571472,Negative Outlier
Folsom_20210427_887_FULL_PrisonConditions.txt,NEGATIVE,0.989421248435974,Negative Outlier
Folsom_20210429_1063_FULL.txt,NEGATIVE,0.9230239987373352,Negative Outlier
Folsom_20210429_1063_Programs.txt,NEGATIVE,0.994795262813568,Negative Outlier
Folsom_20210518_1295_FULL.txt,NEGATIVE,0.9771445393562316,Negative Outlier
Folsom_20210518_1295_PrisonConditions.txt,NEGATIVE,0.6662978529930115,Negative Outlier
Fresno_Main_20210831_76770_FULL.txt,NEGATIVE,0.9684463739395142,Negative Outlier
Fresno_Main_20210901_27991_Family_PrisonConditions.txt,NEGATIVE,0.9785991907119752,Negative Outlier
Fresno_Main_20210901_27991_P2_Stress .txt,NEGATIVE,0.9510441422462464,Negative Outlier
Fresno_Main_20210901_87115_FULL.txt,NEGATIVE,0.9025924801826476,Negative Outlier
Fresno_Main_20210910_56264_PrisonConditions_Family.txt,NEGATIVE,0.9645222425460817,Negative Outlier
Fresno_Main_20210916_40145_PrisonConditions4_Stress4.txt,NEGATIVE,0.9869688153266908,Negative Outlier
Fresno_Main_20210916_72217_Stress2.txt,NEGATIVE,0.5687400102615356,Negative Outlier
Fresno_Main_20211006 _19112_PrisonConditions2.txt,NEGATIVE,0.9852564930915833,Negative Outlier
High Desert_20210301_534_FULL_InfectionFamilyPrisonConditions_Stress.txt,NEGATIVE,0.994195818901062,Negative Outlier
HighDesert_20210128_305_FULL.txt,NEGATIVE,0.9524769186973572,Negative Outlier
HighDesert_20210129_377_PrisonConditions.txt,NEGATIVE,0.9872438311576844,Negative Outlier
HighDesert_20210201_368_Infection_Stress.txt,NEGATIVE,0.9034079313278198,Negative Outlier
HighDesert_20210201_368_Stress.txt,NEGATIVE,0.9922260046005248,Negative Outlier
HighDesert_20210211_441_Full_PrisonConditions_Infection_Stress.txt,NEGATIVE,0.934437096118927,Negative Outlier
HighDesert_20210211_444_Family_Featured.txt,NEGATIVE,0.994619607925415,Negative Outlier
HighDesert_20210211_444_FULL.txt,NEGATIVE,0.685647189617157,Negative Outlier
HighDesert_20210219_420_FULL_Infection.txt,NEGATIVE,0.9921619296073914,Negative Outlier
HighDesert_20210221_501_FULL_PrisonConditions_Stress.txt,NEGATIVE,0.9749355912208556,Negative Outlier
HighDesert_20210221_505_FULL_Infection_Family.txt,NEGATIVE,0.9323646426200868,Negative Outlier
HighDesert_20210223_460_FULL_PrisonConditions_Programs.txt,NEGATIVE,0.9026171565055848,Negative Outlier
HighDesert_20210223_467_FULL.txt,NEGATIVE,0.6478294134140015,Negative Outlier
Ironwood_20201229_157_PrisonConditions2.txt,NEGATIVE,0.9373796582221984,Negative Outlier
Ironwood_20201230_156_FULL.txt,NEGATIVE,0.9938668608665466,Negative Outlier
Ironwood_20210125_330_FULL.txt,NEGATIVE,0.5963271260261536,Negative Outlier
Ironwood_20210125_330_Infection.txt,NEGATIVE,0.9562261700630188,Negative Outlier
KernValley_20210423_7_00_Stress_Coping_Family.txt,NEGATIVE,0.9911841154098512,Negative Outlier
KernValley_20210426_544_FamilyPrisonConditions.txt,NEGATIVE,0.9818331003189088,Negative Outlier
KernValley_20210427_739_Family_Stress_Infection.txt,NEGATIVE,0.9633899331092834,Negative Outlier
KernValley_20210427_739_FULL.txt,NEGATIVE,0.8457183837890625,Negative Outlier
KernValley_20210427_753_FULL.txt,NEGATIVE,0.8169956207275391,Negative Outlier
KernValley_20210427_755_FULL_Stress.txt,NEGATIVE,0.5346543192863464,Negative Outlier
KernValley_20210427_756_FULL.txt,NEGATIVE,0.9874003529548644,Negative Outlier
KernValley_20210427_829_FULL.txt,NEGATIVE,0.9372559785842896,Negative Outlier
KernValley_20210428_846_FamilyStress.txt,NEGATIVE,0.7040970325469971,Negative Outlier
KernValley_20210428_846_Full.txt,NEGATIVE,0.9726344347000122,Negative Outlier
KernValley_20210430_1000_FULL_Programs_Infection.txt,NEGATIVE,0.5543705224990845,Negative Outlier
KernValley_20210430_999_Infection_Stress.txt,NEGATIVE,0.5366000533103943,Negative Outlier
KernValley_20210504_1176_Family_Infection.txt,NEGATIVE,0.9658022522926332,Negative Outlier
KernValley_20210504_1176_FULL.txt,NEGATIVE,0.9861792325973512,Negative Outlier
KernValley_20210504_1176_PrisonConditions.txt,NEGATIVE,0.8691949844360352,Negative Outlier
KernValley_20210513_1350_FULL.txt,NEGATIVE,0.97184157371521,Negative Outlier
KernValley_20210513_1350_Infection_Programs_Stress.txt,NEGATIVE,0.9879108667373656,Negative Outlier
KernValley_20210513_1350_PrisonConditions_Family.txt,NEGATIVE,0.97184157371521,Negative Outlier
KernValley_20210515_1298_PrisonConditions_Family_Infection.txt,NEGATIVE,0.9901118874549866,Negative Outlier
KernValley_20210516_1299_Full_Family_Stress.txt,NEGATIVE,0.9857573509216307,Negative Outlier
KernValley_20210520_1837_FULL.txt,NEGATIVE,0.9866483807563782,Negative Outlier
KernValley_20210602_1504_PrisonConditions.txt,NEGATIVE,0.9910163879394532,Negative Outlier
Kern_GSAnnex_20210812_737_Family_Stress_Spanish.txt,NEGATIVE,0.9874272346496582,Negative Outlier
Kern_GSAnnex_20210812_737_FULL_Spanish.txt,NEGATIVE,0.9166807532310486,Negative Outlier
Kern_GSAnnex_20210812_737_Infection_Stress_Spanish .txt,NEGATIVE,0.9166807532310486,Negative Outlier
Kings_Main_20210827_87009_FULL.txt,NEGATIVE,0.9720897674560548,Negative Outlier
Kings_Main_20211012_69758_P1_FULL.txt,NEGATIVE,0.9938921928405762,Negative Outlier
Kings_Main_20211012_69758_P1_Programs_Stress.txt,NEGATIVE,0.9542191028594972,Negative Outlier
Kings_Main_20220119_17795_FULL.txt,NEGATIVE,0.9872716069221495,Negative Outlier
Kings_Main_20220119_17795_Programs.txt,NEGATIVE,0.921797215938568,Negative Outlier
LosAngeles_MensCentral_20211006_22274_Family.txt,NEGATIVE,0.5980406403541565,Negative Outlier
Merced_Latorraca_20210910_38691_Infection2_PrisonConditions2.txt,NEGATIVE,0.839625895023346,Negative Outlier
Merced_Latorraca_20210910_38691_Infection3_PrisonConditions3.txt,NEGATIVE,0.917907178401947,Negative Outlier
Merced_Latorraca_20210910_81379_PrisonConditions2_Stress2_Family.txt,NEGATIVE,0.9625933170318604,Negative Outlier
Merced_Main_20210920_55348_P2_PrisonConditions_Infection.txt,NEGATIVE,0.9947749376296996,Negative Outlier
Merced_USPAtwater_20210909_002_FULL.txt,NEGATIVE,0.9926451444625854,Negative Outlier
MuleCreek_20210105_246_PrisonConditions.txt,NEGATIVE,0.9869568347930908,Negative Outlier
MuleCreek_20210419_696_FULL_Family_PrisonConditions_Infection.txt,NEGATIVE,0.8171496391296387,Negative Outlier
MuleCreek_20210423_5_38_FULL.txt,NEGATIVE,0.9919158816337584,Negative Outlier
MuleCreek_20210423_797_FULL.txt,NEGATIVE,0.9942903518676758,Negative Outlier
MuleCreek_20210426_876_Full_Family_Stress_Programs.txt,NEGATIVE,0.9938099980354308,Negative Outlier
MuleCreek_20210426_883_Full_Prison_Conditions_Programs.txt,NEGATIVE,0.661226212978363,Negative Outlier
MuleCreek_20210426_884_FULL.txt,NEGATIVE,0.993052899837494,Negative Outlier
MuleCreek_20210426_884_Infection.txt,NEGATIVE,0.9382768869400024,Negative Outlier
MuleCreek_20210427_885_FULL_Fear_Infection.txt,NEGATIVE,0.9902247786521912,Negative Outlier
MuleCreek_20210428_844_FULL_InfectionPrisonConditions.txt,NEGATIVE,0.9939950108528136,Negative Outlier
MuleCreek_20210428_856_FULL.txt,NEGATIVE,0.9788227677345276,Negative Outlier
MuleCreek_20210429_987_Full.txt,NEGATIVE,0.7855077981948853,Negative Outlier
MuleCreek_20210429_987_Stress_Infection_Family.txt,NEGATIVE,0.6043158769607544,Negative Outlier
MuleCreek_20210514_5_49_FamilyStress.txt,NEGATIVE,0.983017921447754,Negative Outlier
MuleCreek_20210514_5_49_FULL.txt,NEGATIVE,0.983017921447754,Negative Outlier
MuleCreek_20210514_5_49_Stress2.txt,NEGATIVE,0.856545627117157,Negative Outlier
MuleCreek_20210517_1267_FULL.txt,NEGATIVE,0.9658348560333252,Negative Outlier
MuleCreek_20210709_542_FULL.txt,NEGATIVE,0.9853282570838928,Negative Outlier
MuleCreek_20210709_542_PrisonConditions2_Infection2_Stress2.txt,NEGATIVE,0.9833804368972778,Negative Outlier
MuleCreek_20210709_542_PrisonConditions_Infection_Stress.txt,NEGATIVE,0.9392123818397522,Negative Outlier
NewCreek_20210423_5_46_FULL.txt,NEGATIVE,0.5107731819152832,Negative Outlier
NewCreek_20210423_5_46_PrisonConditionsPrograms.txt,NEGATIVE,0.9443881511688232,Negative Outlier
NewFolsom_20210418_698_FULL_ProgramsPrisonConditions.txt,NEGATIVE,0.9636449217796326,Negative Outlier
NewFolsom_20210420_714_FULL_StressPrograms.txt,NEGATIVE,0.939073383808136,Negative Outlier
NewFolsom_20210420_717_FULL_StressPrisonConditions.txt,NEGATIVE,0.993036687374115,Negative Outlier
NewFolsom_20210421_707_FULL_ProgramsFamilyStress.txt,NEGATIVE,0.6032254099845886,Negative Outlier
NewFolsom_20210421_710_FULL_ProgramsInfectionPrisonconditions.txt,NEGATIVE,0.9455488920211792,Negative Outlier
NewFolsom_20210421_792_FULL_PrisonconditionsCopingFamily.txt,NEGATIVE,0.5126277208328247,Negative Outlier
NewFolsom_20210423_770_FULL.txt,NEGATIVE,0.9901648163795472,Negative Outlier
NewFolsom_20210426_820_Family.txt,NEGATIVE,0.9921010136604308,Negative Outlier
NewFolsom_20210426_820_FULL.txt,NEGATIVE,0.872922420501709,Negative Outlier
NewFolsom_20210426_824_FULL_Infection_PrisonConditions.txt,NEGATIVE,0.954292058944702,Negative Outlier
NewFolsom_20210429_985_FULL.txt,NEGATIVE,0.983973264694214,Negative Outlier
NewFolsom_20210429_986_FULL_PrisonConditions.txt,NEGATIVE,0.9824355840682985,Negative Outlier
NewFolsom_20210503_813_Family2_PrisonConditions3_Stress3.txt,NEGATIVE,0.9937404990196228,Negative Outlier
NewFolsom_20210610_605_PrisonConditions2_Infection2.txt,NEGATIVE,0.6264562010765076,Negative Outlier
NewFolsom_20211123_82594_FULL.txt,NEGATIVE,0.9941100478172302,Negative Outlier
NewFolsom_20211123_82594_Infection1_Stress1_Featured.txt,NEGATIVE,0.9161818027496338,Negative Outlier
Norco_20210123_449_Full_Infection_Family.txt,NEGATIVE,0.8769367933273315,Negative Outlier
Norco_20210202_5_19_Stress.txt,NEGATIVE,0.9449302554130554,Negative Outlier
Norco_20210208_349_Full.txt,NEGATIVE,0.763667106628418,Negative Outlier
Norco_20210316_551_Programs.txt,NEGATIVE,0.9803048968315125,Negative Outlier
OC_Central_20210419_686_FULL.txt,NEGATIVE,0.543140709400177,Negative Outlier
OC_Central_20210419_686_THEME_INFECTION.txt,NEGATIVE,0.8434953689575195,Negative Outlier
OC_Central_20210421_916_FULL_PrisonConditions_Infection_Stress.txt,NEGATIVE,0.99432110786438,Negative Outlier
OC_Lacy_20210415_909_Infection.txt,NEGATIVE,0.859235405921936,Negative Outlier
OC_Lacy_20210422_524_Conditions.txt,NEGATIVE,0.9941495656967164,Negative Outlier
OC_Lacy_20210422_8_32_FULL.txt,NEGATIVE,0.9945291876792908,Negative Outlier
OC_Lacy_20210426_615_FULL.txt,NEGATIVE,0.9793357253074646,Negative Outlier
OC_Lacy_20210427_6_30_Family.txt,NEGATIVE,0.9873332977294922,Negative Outlier
Orange_Central_20210415_939_Infection.txt,NEGATIVE,0.6164693832397461,Negative Outlier
Orange_Central_20210511_6_20_FamilyStressPrisonConditions.txt,NEGATIVE,0.9795712232589722,Negative Outlier
Orange_TheoLacy_20210417_687_FULL_PrisonConditions_Family.txt,NEGATIVE,0.872765839099884,Negative Outlier
Orange_TheoLacy_20210419_680_FULL.txt,NEGATIVE,0.975714385509491,Negative Outlier
Orange_TheoLacy_20210419_680_Prison Conditions.txt,NEGATIVE,0.9316672682762146,Negative Outlier
Orange_TheoLacy_20210420_723_FULL_PrisonConditions_Stress.txt,NEGATIVE,0.9573344588279724,Negative Outlier
Orange_TheoLacy_20210420_724_FULL.txt,NEGATIVE,0.9795238375663756,Negative Outlier
Orange_TheoLacy_20210421_730_FULL_PrisonConditionsStressInfection.txt,NEGATIVE,0.9928503036499025,Negative Outlier
Orange_TheoLacy_20210424_805_FULL.txt,NEGATIVE,0.8917534351348877,Negative Outlier
Orange_TheoLacy_20210430_1003_FULL.txt,NEGATIVE,0.9722049236297609,Negative Outlier
PelicanBay_20210420_1110_FULL.txt,NEGATIVE,0.9922584891319276,Negative Outlier
PelicanBay_20210420_1110_Prison_Conditions_Family.txt,NEGATIVE,0.7660698890686035,Negative Outlier
PelicanBay_20210426_903_Stress_Family.txt,NEGATIVE,0.9936426877975464,Negative Outlier
PelicanBay_20210520_6_09_FULL.txt,NEGATIVE,0.951588213443756,Negative Outlier
PelicanBay_20210520_6_09_ProgramsStress.txt,NEGATIVE,0.992665946483612,Negative Outlier
Pleasant Valley_20210223_497_FULL_Family_Infection_Stress.txt,NEGATIVE,0.6654115319252014,Negative Outlier
Pleasant Valley_20210312_660_FULL.txt,NEGATIVE,0.9036619663238524,Negative Outlier
PleasantValley_20210201_370_FULL.txt,NEGATIVE,0.9424405694007874,Negative Outlier
PleasantValley_20210209_339_FULL.txt,NEGATIVE,0.9831689596176147,Negative Outlier
PleasantValley_20210212_397_FULL.txt,NEGATIVE,0.9880892634391784,Negative Outlier
PleasantValley_20210214_429_FULL.txt,NEGATIVE,0.8935291767120361,Negative Outlier
PleasantValley_20210216_423_FULL.txt,NEGATIVE,0.9944419264793396,Negative Outlier
PleasantValley_20210222_8_04_Stress_Programs.txt,NEGATIVE,0.6651821136474609,Negative Outlier
PleasantValley_20210317_564_FULL_Stress.txt,NEGATIVE,0.7554647326469421,Negative Outlier
PleasantValley_20210322_622_Full.txt,NEGATIVE,0.9924545288085938,Negative Outlier
PleasantValley_20210401_609_FULL_PrisonConditions_Infection.txt,NEGATIVE,0.8962394595146179,Negative Outlier
read info.txt,NEGATIVE,0.6235660910606384,Negative Outlier
Riverside_Blythe_20210607_646_FULL.txt,NEGATIVE,0.9766104221343994,Negative Outlier
Riverside_Smith_20210601_7_43_Stress4_Infection3_Programs2.txt,NEGATIVE,0.6340022683143616,Negative Outlier
Riverside_Smith_20210610_806_Programs.txt,NEGATIVE,0.9892680048942566,Negative Outlier
Riverside_Smith_20210614_737_Programs.txt,NEGATIVE,0.9740445613861084,Negative Outlier
SalinasValley_20210405_968_Full.txt,NEGATIVE,0.9882929921150208,Negative Outlier
SalinasValley_20210409_980_StressCoping.txt,NEGATIVE,0.9790894985198976,Negative Outlier
SalinasValley_20210419_727_FULL.txt,NEGATIVE,0.9284990429878236,Negative Outlier
SalinasValley_20210421_729_FULL_StressPrograms.txt,NEGATIVE,0.9932647943496704,Negative Outlier
SalinasValley_20210422_801_FULL.txt,NEGATIVE,0.978950262069702,Negative Outlier
SalinasValley_20210422_801_InfectionStress.txt,NEGATIVE,0.9208094477653505,Negative Outlier
SalinasValley_20210503_611_PrisonConditionsFamily.txt,NEGATIVE,0.99362975358963,Negative Outlier
SalinasValley_20210521_6_20_StressPrisonConditionsPrograms.txt,NEGATIVE,0.9817885160446168,Negative Outlier
SalinasValley_20210526_6_59_FULL.txt,NEGATIVE,0.7051121592521667,Negative Outlier
SalinasValley_20210526_6_59_PrisonConditionsStress.txt,NEGATIVE,0.9885643124580384,Negative Outlier
San Bernardino_WestValley_20211020_30937_FULL.txt,NEGATIVE,0.9868664741516112,Negative Outlier
San Quentin_20201108_025_Family.txt,NEGATIVE,0.984212338924408,Negative Outlier
San Quentin_20201117_51_PrisonConditions2_Infection2.txt,NEGATIVE,0.9853199124336244,Negative Outlier
SanBernadino_WestValley_20211008_17499_FULL.txt,NEGATIVE,0.993478298187256,Negative Outlier
SanBernadino_WestValley_20211008_17499_PrisonConditions_Infection_Featured.txt,NEGATIVE,0.9938010573387146,Negative Outlier
SanBernadino_WestValley_20211011_86411_FULL.txt,NEGATIVE,0.9788883328437804,Negative Outlier
SanJoaquin_Main_20210906_26426_Featured_PrisonConditions_Stress.txt,NEGATIVE,0.9883131384849548,Negative Outlier
SanJoaquin_Main_20210907_45231_FULL.txt,NEGATIVE,0.9321591258049012,Negative Outlier
SanJoaquin_Main_20210907_70339_Stress_Family.txt,NEGATIVE,0.9745842218399048,Negative Outlier
SanJoaquin_Main_20210910_54143_FULL.txt,NEGATIVE,0.9934722185134888,Negative Outlier
SanJoaquin_Main_20210910_54143_PrisonConditions1.txt,NEGATIVE,0.98911052942276,Negative Outlier
SanJoaquin_Main_20210914_84921_PrisonConditions2_Stress2.txt,NEGATIVE,0.7806648015975952,Negative Outlier
SanJoaquin_Main_20210914_84921_PrisonConditions_Stress.txt,NEGATIVE,0.994809865951538,Negative Outlier
SanJoaquin_Main_20210915_35292_FULL.txt,NEGATIVE,0.8781186938285828,Negative Outlier
SanQuentin_20201020_03_00_Coping.txt,NEGATIVE,0.989691197872162,Negative Outlier
SanQuentin_20201020_03_00_Stress_Infection.txt,NEGATIVE,0.9633665680885316,Negative Outlier
SanQuentin_20201201_75_Full.txt,NEGATIVE,0.9639160633087158,Negative Outlier
SanQuentin_20201221_187_Stress.txt,NEGATIVE,0.6978244185447693,Negative Outlier
SanQuentin_20210125_312_Family 2_Programs_PrisonConditions.txt,NEGATIVE,0.6660960912704468,Negative Outlier
SantaClara_Elmwood_20211201_62377_Family.txt,NEGATIVE,0.9856672883033752,Negative Outlier
SantaClara_Elmwood_20211206_71158_FULL.txt,NEGATIVE,0.9861097931861876,Negative Outlier
SantaClara_Elmwood_20211206_85268_FULL.txt,NEGATIVE,0.99207603931427,Negative Outlier
SantaClara_Elmwood_20211206_85268_PrisonConditions_Infection.txt,NEGATIVE,0.9759202003479004,Negative Outlier
SantaClara_Elmwood_20211210_93369_Infection.txt,NEGATIVE,0.9943445920944214,Negative Outlier
San_Quentin_20210121_07_10_FULL.txt,NEGATIVE,0.8866909742355347,Negative Outlier
Solano_20200805_05_00_PrisonConditions2.txt,NEGATIVE,0.9946088790893556,Negative Outlier
Solano_20201206_08_30_full_PrisonConditions.txt,NEGATIVE,0.9820897579193116,Negative Outlier
Solano_20201214_8_13_Family.txt,NEGATIVE,0.9697901010513306,Negative Outlier
Solano_20201214_8_13_PrisonConditions.txt,NEGATIVE,0.9906879663467408,Negative Outlier
Solano_20201217_05_55_P3_PrisonConditions3.txt,NEGATIVE,0.9900584816932678,Negative Outlier
Solano_20210123_03_05_Infection.txt,NEGATIVE,0.9778212308883668,Negative Outlier
Solano_20210302_522_Family_PrisonConditions.txt,NEGATIVE,0.9876331090927124,Negative Outlier
Solano_20210312_666_PrisonConditionsInfection.txt,NEGATIVE,0.775412380695343,Negative Outlier
Solano_20210312_666_Stress1.txt,NEGATIVE,0.7992427349090576,Negative Outlier
Solano_20210312_666_Stress3Infection.txt,NEGATIVE,0.9724719524383544,Negative Outlier
Solano_20210315_542_Family1_PrisonConditions3.txt,NEGATIVE,0.9854034781455994,Negative Outlier
Solano_20210315_542_FULL.txt,NEGATIVE,0.9883559942245485,Negative Outlier
Solano_20210402_611_FULL_Family_Stress.txt,NEGATIVE,0.9379035234451294,Negative Outlier
Solano_20210405_965.txt,NEGATIVE,0.9608229398727416,Negative Outlier
Solano_20210504_737_Stress_Programs_Family.txt,NEGATIVE,0.9883205890655518,Negative Outlier
Soledad_20201026_031_Family.txt,NEGATIVE,0.8841555714607239,Negative Outlier
Soledad_20201026_7_50_PrisonConditions2_Programs1.txt,NEGATIVE,0.9712281227111816,Negative Outlier
Soledad_20201026_7_50_Stress2_Programs2.txt,NEGATIVE,0.955524742603302,Negative Outlier
Soledad_20201027_07_31_Family_PrisonConditions.txt,NEGATIVE,0.9946082830429076,Negative Outlier
Soledad_20201027_07_31_FULL.txt,NEGATIVE,0.9935490489006042,Negative Outlier
Soledad_20201027_07_31_PrisonConditions_Programs.txt,NEGATIVE,0.9935490489006042,Negative Outlier
Soledad_20201030_07_22_PrisonConditions2_Programs2.txt,NEGATIVE,0.9787366390228271,Negative Outlier
Soledad_20201215_170_full.txt,NEGATIVE,0.9866472482681274,Negative Outlier
Soledad_20201218_185_FULL.txt,NEGATIVE,0.9613761901855468,Negative Outlier
Soledad_20201221_192_Family_PrisonCondition.txt,NEGATIVE,0.8441726565361023,Negative Outlier
Soledad_20201221_192_Full.txt,NEGATIVE,0.9935492873191832,Negative Outlier
Soledad_20201224_215_Full_PrisonConditionsInfection.txt,NEGATIVE,0.9857681393623352,Negative Outlier
Soledad_20201228_159_FULL_PrisonConditions.txt,NEGATIVE,0.9916560649871826,Negative Outlier
Soledad_20201228_172_Stress1.txt,NEGATIVE,0.9946803450584412,Negative Outlier
Soledad_20201228_179_PrisonConditions1.txt,NEGATIVE,0.9613415002822876,Negative Outlier
Soledad_20201228_182_FULL.txt,NEGATIVE,0.8325166702270508,Negative Outlier
Soledad_20201228_199_Family.txt,NEGATIVE,0.9865545034408568,Negative Outlier
Soledad_20201228_199_Full.txt,NEGATIVE,0.9554898142814636,Negative Outlier
Soledad_20201229_164_PrisonConditions1.txt,NEGATIVE,0.9936762452125548,Negative Outlier
Soledad_20201231_291_FULL_Stress_PrisonConditions.txt,NEGATIVE,0.6000112891197205,Negative Outlier
Soledad_20210105_159_full_prisonconditions.txt,NEGATIVE,0.9755412340164183,Negative Outlier
Soledad_20210107_221_PrisonConditions.txt,NEGATIVE,0.9801684617996216,Negative Outlier
Soledad_20210107_221_PrisonConditionsStressInfection.txt,NEGATIVE,0.9675370454788208,Negative Outlier
Soledad_20210109_241_Family.txt,NEGATIVE,0.8652855157852173,Negative Outlier
Soledad_20210109_241_PrisonConditions2_Nov2020toNow.txt,NEGATIVE,0.8569158315658569,Negative Outlier
Soledad_20210208_362_FULL.txt,NEGATIVE,0.9540748596191406,Negative Outlier
Soledad_20210216_407_FULL_PrisonConditions.txt,NEGATIVE,0.9943061470985411,Negative Outlier
Soledad_20210218_448_Prison_Conditions_Exposing_Prison.txt,NEGATIVE,0.958217442035675,Negative Outlier
Soledad_20210218_448_Prison_Conditions_Stress.txt,NEGATIVE,0.9821797609329224,Negative Outlier
Soledad_20210218_448_Stress_Contacting_Family.txt,NEGATIVE,0.961878538131714,Negative Outlier
Soledad_20210325_647_FULL_PrisonConditionsInfection.txt,NEGATIVE,0.9405808448791504,Negative Outlier
Soledad_20210329_589_FULL_Infection.txt,NEGATIVE,0.9879220128059388,Negative Outlier
Stockton_20210304_513_Full.txt,NEGATIVE,0.9673705697059632,Negative Outlier
Stockton_20210304_513_Stress_A_Family_A.txt,NEGATIVE,0.8268955945968628,Negative Outlier
Stockton_20210318_569_Full_PrisonConditions.txt,NEGATIVE,0.9942162036895752,Negative Outlier
Stockton_20210329_597_FULL_Family.txt,NEGATIVE,0.9124533534049988,Negative Outlier
Stockton_20210414_946_FULL.txt,NEGATIVE,0.992221176624298,Negative Outlier
Susanvillet_20210427_783_FULL_PrisonconditionsStress.txt,NEGATIVE,0.8683505654335022,Negative Outlier
Susanville_20210317_560_Full_Family_Infection_PrisonConditions.txt,NEGATIVE,0.8425176739692688,Negative Outlier
Susanville_20210423_863_Family.txt,NEGATIVE,0.9772343635559082,Negative Outlier
Susanville_20210423_863_FULL.txt,NEGATIVE,0.9490110874176024,Negative Outlier
Susanville_20210427_782_Programs_PrisonConditions.txt,NEGATIVE,0.84139084815979,Negative Outlier
Susanville_20210427_784_PrisonconditionsInfectionPrograms.txt,NEGATIVE,0.961085855960846,Negative Outlier
Susanville_20210427_784_PrisonconditionsInfectionStress.txt,NEGATIVE,0.961085855960846,Negative Outlier
Tehachapi_20201201_78_FULL.txt,NEGATIVE,0.96246075630188,Negative Outlier
Tehachapi_20201201_78_Stress_Infection.txt,NEGATIVE,0.9924159049987792,Negative Outlier
Tehachapi_20201202_2_50_FULL_Programs_Stress_Family_PrisonConditions.txt,NEGATIVE,0.5963138341903687,Negative Outlier
Tehachapi_20201207_122_FULL.txt,NEGATIVE,0.9917358756065368,Negative Outlier
Tehachapi_20201208_125_FULL.txt,NEGATIVE,0.5293223261833191,Negative Outlier
Tehachapi_20201208_126_FULL.txt,NEGATIVE,0.9792945981025696,Negative Outlier
Tehachapi_20201210_115_FULL.txt,NEGATIVE,0.98514324426651,Negative Outlier
Tehachapi_20201210_119_FULL.txt,NEGATIVE,0.8444162011146545,Negative Outlier
Tehachapi_20201214_142_FULL.txt,NEGATIVE,0.9808448553085328,Negative Outlier
Tehachapi_20201216_169_FULL.txt,NEGATIVE,0.9798134565353394,Negative Outlier
Tehachapi_20201218_203_full.txt,NEGATIVE,0.9411563873291016,Negative Outlier
Tehachapi_20201221_149_Prison_Conditions.txt,NEGATIVE,0.8869305849075317,Negative Outlier
Tehachapi_20201231_150_FULL.txt,NEGATIVE,0.9861600995063782,Negative Outlier
Tehachapi_20210105_244_FULL_Stress_Infection.txt,NEGATIVE,0.9854368567466736,Negative Outlier
Tehachapi_20210422_906_FULL_PrisonConditions.txt,NEGATIVE,0.9947690367698668,Negative Outlier
TheoLacy_20210322_06_21_PrisonConditions3Programs2.txt,NEGATIVE,0.8495970964431763,Negative Outlier
TheoLacy_20210322_06_21_StressPrograms1PrisonConditions2.txt,NEGATIVE,0.9934725761413574,Negative Outlier
Tracy_20210125_06_00_FULL.txt,NEGATIVE,0.9127827882766724,Negative Outlier
Tracy_20210126_298_FULL_Family_PrisonConditions_Stress.txt,NEGATIVE,0.9617070555686952,Negative Outlier
Tracy_20210226_480_FULL.txt,NEGATIVE,0.952079713344574,Negative Outlier
Tracy_20210315_548_English_PrisonConditions_Stress_Family.txt,NEGATIVE,0.982196807861328,Negative Outlier
Tracy_20210316_581_Full.txt,NEGATIVE,0.9817650318145752,Negative Outlier
Tulare_Main_20211227_94959_PrisonConditions.txt,NEGATIVE,0.9584946632385254,Negative Outlier
Tulare_SouthCounty_20211105_16555_Stress_Featured.txt,NEGATIVE,0.9577983021736144,Negative Outlier
Vacaville_20201015_154_PrisonConditions.txt,NEGATIVE,0.9762868285179138,Negative Outlier
Vacaville_20201222_100_FULL.txt,NEGATIVE,0.8557050228118896,Negative Outlier
Vacaville_20201222_100_Infection.txt,NEGATIVE,0.9813405275344848,Negative Outlier
Vacaville_20210106_234_FULL.txt,NEGATIVE,0.991094708442688,Negative Outlier
Vacaville_20210426_532_FamilyPrisonConditions.txt,NEGATIVE,0.5570878982543945,Negative Outlier
Vacaville_20210426_873_FULL_PrisonConditionsInfectionStress.txt,NEGATIVE,0.98232239484787,Negative Outlier
Vacaville_20210426_900_FULL.txt,NEGATIVE,0.9438381791114808,Negative Outlier
Vacaville_20210426_901_Infection.txt,NEGATIVE,0.9805666208267212,Negative Outlier
Vacaville_20210430_1005_FULL.txt,NEGATIVE,0.9933949112892152,Negative Outlier
Vacaville_20210430_1005_Infection_PrisonConditions.txt,NEGATIVE,0.9886908531188964,Negative Outlier
Vacaville_20210430_1006_FULL.txt,NEGATIVE,0.9921370148658752,Negative Outlier
Vacaville_20210707_15983_Infection_Stress_Family.txt,NEGATIVE,0.9935011267662048,Negative Outlier
Vacaville_20220114_49400_Family_Stress2_PrisonConditions2.txt,NEGATIVE,0.9934338331222534,Negative Outlier
Vacaville_20220309_55552_Stress.txt,NEGATIVE,0.9895482063293456,Negative Outlier
Valleystate_20210301_514_FULL (1).txt,NEGATIVE,0.9299641847610474,Negative Outlier
Valleystate_20210301_514_FULL.txt,NEGATIVE,0.9299641847610474,Negative Outlier
ValleyState_20210402_614_FULL_PrisonConditions_Infection.txt,NEGATIVE,0.9934502840042114,Negative Outlier
ValleyState_20210406_969_FULL_Programs_Family_Infection.txt,NEGATIVE,0.9437516331672668,Negative Outlier
ValleyState_20210413_950_FULL.txt,NEGATIVE,0.990199089050293,Negative Outlier
Ventura_Main_20211108_55547_FULL.txt,NEGATIVE,0.99135160446167,Negative Outlier
Ventura_Main_20211108_55547_Infection.txt,NEGATIVE,0.9894082546234132,Negative Outlier
Ventura_Main_20211117_90427_Stress.txt,NEGATIVE,0.6391819715499878,Negative Outlier
Ventura_Todd_20211109_15925_Family_PrisonConditions.txt,NEGATIVE,0.9908168315887452,Negative Outlier
Ventura_Todd_20211109_15925_FULL.txt,NEGATIVE,0.8324204683303833,Negative Outlier
Ventura_Todd_20211110_71593_FULL.txt,NEGATIVE,0.922262966632843,Negative Outlier
Wasco_20210225_471_Full (1).txt,NEGATIVE,0.6816644668579102,Negative Outlier
Wasco_20210225_471_Full_Stress.txt,NEGATIVE,0.7611736059188843,Negative Outlier
Wasco_20210301_507_FULL (1).txt,NEGATIVE,0.9540048837661744,Negative Outlier
Wasco_20210301_507_FULL.txt,NEGATIVE,0.9540048837661744,Negative Outlier
Wasco_20210304_509_Family2 (1).txt,NEGATIVE,0.9569541215896606,Negative Outlier
Wasco_20210304_509_Family2.txt,NEGATIVE,0.9569541215896606,Negative Outlier
Wasco_20210304_510_Full_Family_Infection.txt,NEGATIVE,0.9921532273292542,Negative Outlier
Wasco_20210316_559_FULL_Infections_PrisonConditions.txt,NEGATIVE,0.981666386127472,Negative Outlier
Wasco_20210316_559_Infections_PrisonConditions.txt,NEGATIVE,0.9341648817062378,Negative Outlier
Wasco_20210322_619_Stress.txt,NEGATIVE,0.9717907905578612,Negative Outlier
Wasco_20210422_914_FULL.txt,NEGATIVE,0.9944583177566528,Negative Outlier
Wasco_20210422_914_PrisonConditions1.txt,NEGATIVE,0.6965268850326538,Negative Outlier
WA_StaffordCreek_20210510_6_00_Pt1_StressPrisonConditions.txt,NEGATIVE,0.991898775100708,Negative Outlier
Yuba_20210811_503_Stress_Infection_PrisonConditions.txt,NEGATIVE,0.9883366227149964,Negative Outlier
Yuba_20210903_29710_FULL.txt,NEGATIVE,0.9759962558746338,Negative Outlier
Yuba_20210903_29710_PrisonConditions_Infection_Stress.txt,NEGATIVE,0.9868783354759216,Negative Outlier
